{
  "Floor": {
    "diffuse": [0.588200, 0.588200, 0.588200],
    "reflectiveness": [1.000000, 1.000000, 1.000000, 256.000000],
    "refractionIndexN": [1.450000, 1.450000, 1.450000],
    "refractionIndexK": [1.600000, 1.600000, 1.600000],
    "opacity": [1.000000, 1.000000, 1.000000],
    "emissivity": [0.000000, 0.000000, 0.000000]
  },
  "LeftWall": {
    "diffuse": [0.000000, 0.000000, 0.337300],
    "reflectiveness": [0.000000, 0.000000, 0.000000, 40.000000],
    "refractionIndexN": [1.450000, 1.450000, 1.450000],
    "refractionIndexK": [0.000000, 0.000000, 0.000000],
    "opacity": [1.000000, 1.000000, 1.000000],
    "emissivity": [0.000000, 0.000000, 0.000000]
  },
  "RightWall": {
    "diffuse": [0.000000, 0.286300, 0.000000],
    "reflectiveness": [0.000000, 0.000000, 0.000000, 40.000000],
    "refractionIndexN": [1.450000, 1.450000, 1.450000],
    "refractionIndexK": [0.000000, 0.000000, 0.000000],
    "opacity": [1.000000, 1.000000, 1.000000],
    "emissivity": [0.000000, 0.000000, 0.000000]
  },
  "Wall": {
    "diffuse": [0.588200, 0.588200, 0.588200],
    "reflectiveness": [0.000000, 0.000000, 0.000000, 40.000000],
    "refractionIndexN": [1.450000, 1.450000, 1.450000],
    "refractionIndexK": [0.000000, 0.000000, 0.000000],
    "opacity": [1.000000, 1.000000, 1.000000],
    "emissivity": [0.000000, 0.000000, 0.000000]
  },
  "Glass": {
    "diffuse": [0.000000, 0.000000, 0.000000],
    "reflectiveness": [1.000000, 1.000000, 1.000000, 3200.000000],
    "refractionIndexN": [1.5, 1.5, 1.5],
    "refractionIndexK": [0.000000, 0.000000, 0.000000],
    "opacity": [0.000000, 0.000000, 0.000000],
    "emissivity": [0.000000, 0.000000, 0.000000]
  },
  "White": {
    "diffuse": [1.000000, 1.000000, 1.000000],
    "reflectiveness": [0.000000, 0.000000, 0.000000, 40.000000],
    "refractionIndexN": [1.450000, 1.450000, 1.450000],
    "refractionIndexK": [0.000000, 0.000000, 0.000000],
    "opacity": [1.000000, 1.000000, 1.000000],
    "emissivity": [0.000000, 0.000000, 0.000000]
  },
  "LightR": {
    "diffuse": [0.588200, 0.588200, 0.588200],
    "reflectiveness": [0.000000, 0.000000, 0.000000, 40.000000],
    "refractionIndexN": [1.450000, 1.450000, 1.450000],
    "refractionIndexK": [0.000000, 0.000000, 0.000000],
    "opacity": [1.000000, 1.000000, 1.000000],
    "emissivity": [0.800000, 0.200000, 0.020000]
  },
  "LightL": {
    "diffuse": [0.588200, 0.588200, 0.588200],
    "reflectiveness": [0.000000, 0.000000, 0.000000, 40.000000],
    "refractionIndexN": [1.450000, 1.450000, 1.450000],
    "refractionIndexK": [0.000000, 0.000000, 0.000000],
    "opacity": [1.000000, 1.000000, 1.000000],
    "emissivity": [0.100000, 0.400000, 0.800000]
  }
}