{
	"materials": {
		"DefaultMaterial": {
			"diffuse": [0.6, 0.6, 0.6, 0],
			"reflectiveness": [0.0, 0.00000, 0.00000, 10.000000],
			"refractionIndexN": [1.45, 1.45, 1.45],
			"refractionIndexK": [0.0, 0.0, 0.0],
			"opacity": [1, 1, 1, 1],
			"emissivity": [0, 0, 0, 0]
		},
		"Floor": {
			"diffuse": [0.5882, 0.5882, 0.5882, 0],
			"reflectiveness": [0.0, 0.00000, 0.00000, 10.000000],
			"refractionIndexN": [1.45, 1.45, 1.45],
			"refractionIndexK": [0.0, 0.0, 0.0],
			"opacity": [1, 1, 1, 1],
			"emissivity": [0, 0, 0, 0]
		},
		"LeftWall": {
			"diffuse": [0, 0, 0.3373, 0],
			"reflectiveness": [0.0, 0.00000, 0.00000, 10.000000],
			"refractionIndexN": [1.45, 1.45, 1.45],
			"refractionIndexK": [0.0, 0.0, 0.0],
			"opacity": [1, 1, 1, 1],
			"emissivity": [0, 0, 0, 0]
		},
		"RightWall": {
			"diffuse": [0, 0.2863, 0, 0],
			"reflectiveness": [0.0, 0.00000, 0.00000, 10.000000],
			"refractionIndexN": [1.45, 1.45, 1.45],
			"refractionIndexK": [0.0, 0.0, 0.0],
			"opacity": [1, 1, 1, 1],
			"emissivity": [0, 0, 0, 0]
		},
		"Wall": {
			"diffuse": [0.5882, 0.5882, 0.5882, 0],
			"reflectiveness": [0.0, 0.00000, 0.00000, 10.000000],
			"refractionIndexN": [1.45, 1.45, 1.45],
			"refractionIndexK": [0.0, 0.0, 0.0],
			"opacity": [1, 1, 1, 1],
			"emissivity": [0, 0, 0, 0]
		},
		"Glass": {
			"diffuse": [0.5882, 0.5882, 0.5882, 0],
			"reflectiveness": [0.05, 0.05, 0.05, 100000.0],
			"refractionIndexN": [1.45, 1.45, 1.45],
			"refractionIndexK": [0.0, 0.0, 0.0],
			"opacity": [0.1, 0, 0, 0],
			"emissivity": [0, 0, 0, 0]
		},
		"White": {
			"diffuse": [1, 1, 1, 0],
			"reflectiveness": [0.0, 0.00000, 0.00000, 10.000000],
			"refractionIndexN": [1.45, 1.45, 1.45],
			"refractionIndexK": [0.0, 0.0, 0.0],
			"opacity": [1, 1, 1, 1],
			"emissivity": [0, 0, 0, 0]
		},
		"LightR": {
			"diffuse": [0.5882, 0.5882, 0.5882, 0],
			"reflectiveness": [0.0, 0.00000, 0.00000, 10.000000],
			"refractionIndexN": [1.45, 1.45, 1.45],
			"refractionIndexK": [0.0, 0.0, 0.0],
			"opacity": [1, 1, 1, 1],
			"emissivity": [803.9, 192.2, 19.6, 0]
		},
		"LightL": {
			"diffuse": [0.5882, 0.5882, 0.5882, 0],
			"reflectiveness": [0.0, 0.00000, 0.00000, 10.000000],
			"refractionIndexN": [1.45, 1.45, 1.45],
			"refractionIndexK": [0.0, 0.0, 0.0],
			"opacity": [1, 1, 1, 1],
			"emissivity": [98.0, 392.2, 788.2, 0]
		}
	}
}