{
	"materials": {
		"DefaultMaterial": {
			"diffuse": [0.6, 0.6, 0.6, 0],
			"reflectiveness": [0.00000, 0.00000, 0.00000, 10.000000],
			"refractionIndexN": [1.450000, 1.450000, 1.450000],
			"refractionIndexK": [0.000000, 0.000000, 0.000000],
			"opacity": [1, 1, 1, 1],
			"emissivity": [0, 0, 0, 0]
		},
		"RabbitDuck": {
			"diffuse": [0.5882, 0.7608, 0.9059, 0],
			"reflectiveness": [0.05, 0.05, 0.05, 1000.000000],
			"refractionIndexN": [1.450000, 1.450000, 1.450000],
			"refractionIndexK": [0.000000, 0.000000, 0.000000],
			"opacity": [0, 0, 0, 1],
			"emissivity": [0, 0, 0, 0]
		},
		"Wall": {
			"diffuse": [0.5882, 0.5882, 0.5882, 0],
			"reflectiveness": [0.00000, 0.00000, 0.00000, 10.000000],
			"refractionIndexN": [1.450000, 1.450000, 1.450000],
			"refractionIndexK": [0.000000, 0.000000, 0.000000],
			"opacity": [1, 1, 1, 1],
			"emissivity": [0, 0, 0, 0]
		},
		"RightWall": {
			"diffuse": [0, 0.2863, 0, 0],
			"reflectiveness": [0.00000, 0.00000, 0.00000, 10.000000],
			"refractionIndexN": [1.450000, 1.450000, 1.450000],
			"refractionIndexK": [0.000000, 0.000000, 0.000000],
			"opacity": [1, 1, 1, 1],
			"emissivity": [0, 0, 0, 0]
		},
		"LeftWall": {
			"diffuse": [0, 0, 0.3373, 0],
			"reflectiveness": [0.00000, 0.00000, 0.00000, 10.000000],
			"refractionIndexN": [1.450000, 1.450000, 1.450000],
			"refractionIndexK": [0.000000, 0.000000, 0.000000],
			"opacity": [1, 1, 1, 1],
			"emissivity": [0, 0, 0, 0]
		},
		"Sheet": {
			"diffuse": [0.0, 0.0, 0.0, 0],
			"reflectiveness": [1.00000, 1.00000, 1.00000, 100000.0],
			"refractionIndexN": [1.450000, 1.450000, 1.450000],
			"refractionIndexK": [2.000000, 2.000000, 2.000000],
			"opacity": [1, 1, 1, 1],
			"emissivity": [0, 0, 0, 0]
		},
		"Teapot": {
			"diffuse": [0.0, 0.0, 0.0, 0],
			"reflectiveness": [1.00000, 1.00000, 1.00000, 10.000000],
			"refractionIndexN": [1.450000, 1.450000, 1.450000],
			"refractionIndexK": [2.000000, 3.000000, 1.000000],
			"opacity": [1, 1, 1, 1],
			"emissivity": [0, 0, 0, 0]
		},
		"Sphere": {
			"diffuse": [0.5882, 0.7608, 0.9059, 0],
			"reflectiveness": [0.00000, 0.00000, 0.00000, 10.000000],
			"refractionIndexN": [1.450000, 1.450000, 1.450000],
			"refractionIndexK": [0.000000, 0.000000, 0.000000],
			"opacity": [1, 1, 1, 1],
			"emissivity": [0, 0, 0, 0]
		},
		"Specular_Black": {
			"diffuse": [0.0078, 0.0078, 0.0078, 0],
			"reflectiveness": [0.00000, 0.00000, 0.00000, 10.000000],
			"refractionIndexN": [1.450000, 1.450000, 1.450000],
			"refractionIndexK": [0.000000, 0.000000, 0.000000],
			"opacity": [1, 1, 1, 1],
			"emissivity": [0, 0, 0, 0]
		},
		"Vine_Trunc": {
			"diffuse": [0.5882, 0.7608, 0.9059, 0],
			"reflectiveness": [0.00000, 0.00000, 0.00000, 10.000000],
			"refractionIndexN": [1.450000, 1.450000, 1.450000],
			"refractionIndexK": [0.000000, 0.000000, 0.000000],
			"opacity": [1, 1, 1, 1],
			"emissivity": [0, 0, 0, 0]
		},
		"Grapes": {
			"diffuse": [0.5882, 0.7608, 0.9059, 0],
			"reflectiveness": [0.00000, 0.00000, 0.00000, 10.000000],
			"refractionIndexN": [1.450000, 1.450000, 1.450000],
			"refractionIndexK": [0.000000, 0.000000, 0.000000],
			"opacity": [1, 1, 1, 1],
			"emissivity": [0, 0, 0, 0]
		},
		"Vine_Leaves": {
			"diffuse": [0.5882, 0.7608, 0.9059, 0],
			"reflectiveness": [0.00000, 0.00000, 0.00000, 10.000000],
			"refractionIndexN": [1.450000, 1.450000, 1.450000],
			"refractionIndexK": [0.000000, 0.000000, 0.000000],
			"opacity": [1, 1, 1, 1],
			"emissivity": [0, 0, 0, 0]
		}
	}
}