{
  "sprljci": {
    "diffuse": [0.784314, 0.784314, 0.784314],
    "reflectiveness": [0.000000, 0.000000, 0.000000, 32.000000],
    "refractionIndexN": [1.450000, 1.450000, 1.450000],
    "refractionIndexK": [0.000000, 0.000000, 0.000000],
    "opacity": [1.000000, 1.000000, 1.000000],
    "emissivity": [0.000000, 0.000000, 0.000000]
  },
  "staklo": {
    "diffuse": [0.784314, 0.784314, 0.784314],
    "reflectiveness": [0.784314, 0.784314, 0.784314, 1024.000000],
    "refractionIndexN": [1.450000, 1.450000, 1.450000],
    "refractionIndexK": [0.000000, 0.000000, 0.000000],
    "opacity": [0.100000, 0.100000, 0.100000],
    "emissivity": [0.784314, 0.784314, 0.784314]
  },
  "JoinedMaterial_#9": {
    "diffuseTex": "kamen.png",
    "reflectiveness": [0.000000, 0.000000, 0.000000, 32.000000],
    "refractionIndexN": [1.450000, 1.450000, 1.450000],
    "refractionIndexK": [0.000000, 0.000000, 0.000000],
    "opacity": [1.000000, 1.000000, 1.000000],
    "emissivity": [0.000000, 0.000000, 0.000000]
  },
  "JoinedMaterial_#12": {
    "diffuseTex": "KAMEN-stup.png",
    "reflectiveness": [0.000000, 0.000000, 0.000000, 32.000000],
    "refractionIndexN": [1.450000, 1.450000, 1.450000],
    "refractionIndexK": [0.000000, 0.000000, 0.000000],
    "opacity": [1.000000, 1.000000, 1.000000],
    "emissivity": [0.000000, 0.000000, 0.000000]
  },
  "pod": {
    "diffuseTex": "mramor6x6.png",
    "reflectiveness": [0.000000, 0.000000, 0.000000, 32.000000],
    "refractionIndexN": [1.450000, 1.450000, 1.450000],
    "refractionIndexK": [0.000000, 0.000000, 0.000000],
    "opacity": [1.000000, 1.000000, 1.000000],
    "emissivity": [0.000000, 0.000000, 0.000000]
  },
  "pod_tepih": {
    "diffuse": [0.546274, 0.219608, 0.183922],
    "reflectiveness": [0.000000, 0.000000, 0.000000, 32.000000],
    "refractionIndexN": [1.450000, 1.450000, 1.450000],
    "refractionIndexK": [0.000000, 0.000000, 0.000000],
    "opacity": [1.000000, 1.000000, 1.000000],
    "emissivity": [0.000000, 0.000000, 0.000000]
  },
  "staklo_crveno": {
    "diffuse": [0.441176, 0.103922, 0.049020],
    "reflectiveness": [0.882353, 0.207843, 0.098039, 1024.000000],
    "refractionIndexN": [1.450000, 1.450000, 1.450000],
    "refractionIndexK": [0.000000, 0.000000, 0.000000],
    "opacity": [0.800000, 0.800000, 0.800000],
    "emissivity": [4.41176, 1.03922, 0.49020]
  },
  "staklo_zeleno": {
    "diffuse": [0.033333, 0.315686, 0.037255],
    "reflectiveness": [0.033333, 0.315686, 0.037255, 1024.000000],
    "refractionIndexN": [1.450000, 1.450000, 1.450000],
    "refractionIndexK": [0.000000, 0.000000, 0.000000],
    "opacity": [1.000000, 1.000000, 1.000000],
    "emissivity": [0.33333, 3.15686, 0.37255]
  },
  "staklo_plavo": {
    "diffuse": [0.041177, 0.072549, 0.392157],
    "reflectiveness": [0.041177, 0.072549, 0.392157, 1024.000000],
    "refractionIndexN": [1.450000, 1.450000, 1.450000],
    "refractionIndexK": [0.000000, 0.000000, 0.000000],
    "opacity": [1.000000, 1.000000, 1.000000],
    "emissivity": [0.41177, 0.72549, 3.92157]
  },
  "staklo_zuto": {
    "diffuse": [0.500000, 0.445098, 0.003922],
    "reflectiveness": [0.500000, 0.445098, 0.003922, 1024.000000],
    "refractionIndexN": [1.450000, 1.450000, 1.450000],
    "refractionIndexK": [0.000000, 0.000000, 0.000000],
    "opacity": [1.000000, 1.000000, 1.000000],
    "emissivity": [0.500000, 0.445098, 0.003922]
  }
}